{"initial_reset_timestamp": 1562899425.534582, "timestamps": [1562899434.9908931, 1562899443.3559868, 1562899443.655487, 1562899443.742018, 1562899443.825069, 1562899443.907051, 1562899443.990104, 1562899444.07405, 1562899447.4015942, 1562899447.71401, 1562899447.8018692, 1562899447.884373, 1562899447.968967, 1562899448.052167, 1562899448.1358001, 1562899448.2197351, 1562899448.31025, 1562899448.401852, 1562899448.487247, 1562899448.546379, 1562899448.630406, 1562899448.6845949, 1562899448.767786, 1562899448.833329, 1562899448.916756, 1562899449.0024939, 1562899449.0840719, 1562899456.997227, 1562899457.306144, 1562899457.390625, 1562899457.493419, 1562899457.5771022, 1562899457.651316, 1562899457.7277381, 1562899457.806001, 1562899457.8878121, 1562899457.96992, 1562899458.0520582, 1562899458.1353118, 1562899458.218786, 1562899458.3088078, 1562899458.397235, 1562899458.485004, 1562899458.570841, 1562899458.6316018, 1562899458.716483, 1562899458.799665, 1562899458.882412, 1562899458.9643369, 1562899459.048136, 1562899459.137046, 1562899459.225215, 1562899459.325973, 1562899459.448291, 1562899459.532104, 1562899459.611163, 1562899459.6936371, 1562899459.784021, 1562899459.87374, 1562899460.0037801, 1562899460.0893729, 1562899460.1379158, 1562899460.215421, 1562899460.296532, 1562899468.246613, 1562899468.561481, 1562899468.640974, 1562899468.716834, 1562899468.791478, 1562899468.87066, 1562899468.950051, 1562899469.026339, 1562899469.103543, 1562899469.180419, 1562899469.2576199, 1562899469.33388, 1562899469.412981, 1562899469.491559, 1562899469.570702, 1562899469.649618, 1562899469.726107, 1562899469.80559, 1562899469.8833358, 1562899469.96046, 1562899470.037774, 1562899470.1126442, 1562899470.1908102, 1562899470.268339, 1562899470.3458, 1562899470.423632, 1562899470.500476, 1562899470.580432, 1562899470.639025, 1562899470.718554, 1562899470.7966201, 1562899470.874906, 1562899470.9528599, 1562899471.0310102, 1562899471.110518, 1562899471.191262], "episode_lengths": [200, 200, 200, 200, 200, 200, 200, 200, 84, 200, 200, 200, 200, 200, 200, 200, 200, 200, 200, 132, 200, 127, 200, 157, 200, 200, 200, 200, 200, 200, 193, 200, 200, 200, 200, 200, 200, 200, 200, 200, 200, 200, 198, 200, 148, 200, 200, 200, 200, 200, 200, 200, 200, 200, 200, 200, 200, 200, 200, 200, 200, 121, 200, 200, 200, 200, 200, 200, 200, 200, 200, 200, 200, 200, 200, 200, 200, 200, 200, 200, 200, 200, 200, 200, 200, 191, 200, 200, 200, 200, 200, 200, 151, 200, 200, 200, 200, 200, 200, 200], "episode_rewards": [200.0, 200.0, 200.0, 200.0, 200.0, 200.0, 200.0, 200.0, 84.0, 200.0, 200.0, 200.0, 200.0, 200.0, 200.0, 200.0, 200.0, 200.0, 200.0, 132.0, 200.0, 127.0, 200.0, 157.0, 200.0, 200.0, 200.0, 200.0, 200.0, 200.0, 193.0, 200.0, 200.0, 200.0, 200.0, 200.0, 200.0, 200.0, 200.0, 200.0, 200.0, 200.0, 198.0, 200.0, 148.0, 200.0, 200.0, 200.0, 200.0, 200.0, 200.0, 200.0, 200.0, 200.0, 200.0, 200.0, 200.0, 200.0, 200.0, 200.0, 200.0, 121.0, 200.0, 200.0, 200.0, 200.0, 200.0, 200.0, 200.0, 200.0, 200.0, 200.0, 200.0, 200.0, 200.0, 200.0, 200.0, 200.0, 200.0, 200.0, 200.0, 200.0, 200.0, 200.0, 200.0, 191.0, 200.0, 200.0, 200.0, 200.0, 200.0, 200.0, 151.0, 200.0, 200.0, 200.0, 200.0, 200.0, 200.0, 200.0], "episode_types": ["t", "t", "t", "t", "t", "t", "t", "t", "t", "t", "t", "t", "t", "t", "t", "t", "t", "t", "t", "t", "t", "t", "t", "t", "t", "t", "t", "t", "t", "t", "t", "t", "t", "t", "t", "t", "t", "t", "t", "t", "t", "t", "t", "t", "t", "t", "t", "t", "t", "t", "t", "t", "t", "t", "t", "t", "t", "t", "t", "t", "t", "t", "t", "t", "t", "t", "t", "t", "t", "t", "t", "t", "t", "t", "t", "t", "t", "t", "t", "t", "t", "t", "t", "t", "t", "t", "t", "t", "t", "t", "t", "t", "t", "t", "t", "t", "t", "t", "t", "t"]}