{"initial_reset_timestamp": 1562880144.7213132, "timestamps": [1562880155.6249757], "episode_lengths": [3596], "episode_rewards": [314.0], "episode_types": ["t"]}