{"initial_reset_timestamp": 1562913234.2459562, "timestamps": [1562913236.118532, 1562913238.0338411, 1562913239.4372106, 1562913240.8394847, 1562913242.241146, 1562913243.6540806, 1562913245.081035, 1562913246.497351, 1562913248.4788446, 1562913249.9073327, 1562913251.333437, 1562913252.7608135, 1562913254.1814663, 1562913255.6096783, 1562913257.0407984, 1562913258.47141, 1562913260.4612374, 1562913263.0824394, 1562913265.675827, 1562913267.9532576, 1562913270.0895658, 1562913272.0180953, 1562913273.9168088, 1562913275.714565, 1562913277.4948738, 1562913279.2062252, 1562913280.8985834, 1562913283.1729841, 1562913284.8256776, 1562913286.463648, 1562913288.0450294, 1562913289.6291745, 1562913291.1882777, 1562913292.7259674, 1562913294.255963, 1562913295.7579272, 1562913297.2556493, 1562913298.74433, 1562913300.211639, 1562913301.68087, 1562913303.140758, 1562913304.5805151, 1562913306.0255325, 1562913307.497038, 1562913308.9685953, 1562913310.4368997, 1562913311.8717108, 1562913313.314057, 1562913314.7721746, 1562913316.2507243, 1562913317.7267952, 1562913319.1885595, 1562913320.6352355, 1562913322.0867782, 1562913323.5580935, 1562913325.0624733, 1562913326.5422893, 1562913327.9970148, 1562913329.4460173, 1562913330.9035802, 1562913332.3811889, 1562913333.8621614, 1562913335.4032557, 1562913336.9546633, 1562913339.014739, 1562913340.4978864, 1562913341.9713318, 1562913343.4141362, 1562913344.8542907, 1562913346.3051608, 1562913347.7773893, 1562913349.2542052, 1562913350.7125893, 1562913352.1560695, 1562913353.5982375, 1562913355.0616114, 1562913356.5303633, 1562913358.0053313, 1562913359.4629545, 1562913360.904407, 1562913362.3566136, 1562913363.8257494, 1562913365.366039, 1562913366.9496758, 1562913368.4263408, 1562913369.9873326, 1562913371.4819155, 1562913372.9967134, 1562913374.474394, 1562913375.9504013, 1562913377.4175775, 1562913378.933186, 1562913380.5268953, 1562913382.0216696, 1562913383.531373, 1562913385.014106, 1562913386.472015, 1562913387.981477, 1562913389.6322029, 1562913391.185498], "episode_lengths": [428, 428, 428, 428, 428, 428, 428, 428, 428, 428, 428, 428, 428, 428, 428, 428, 428, 428, 428, 428, 428, 428, 428, 428, 428, 428, 428, 428, 428, 428, 428, 428, 428, 428, 428, 428, 428, 428, 428, 428, 428, 428, 428, 428, 428, 428, 428, 428, 428, 428, 428, 428, 428, 428, 428, 428, 428, 428, 428, 428, 428, 428, 428, 428, 428, 428, 428, 428, 428, 428, 428, 428, 428, 428, 428, 428, 428, 428, 428, 428, 428, 428, 428, 428, 428, 428, 428, 428, 428, 428, 428, 428, 428, 428, 428, 428, 428, 428, 428, 428], "episode_rewards": [12.0, 12.0, 12.0, 12.0, 12.0, 12.0, 12.0, 12.0, 12.0, 12.0, 12.0, 12.0, 12.0, 12.0, 12.0, 12.0, 12.0, 12.0, 12.0, 12.0, 12.0, 12.0, 12.0, 12.0, 12.0, 12.0, 12.0, 12.0, 12.0, 12.0, 12.0, 12.0, 12.0, 12.0, 12.0, 12.0, 12.0, 12.0, 12.0, 12.0, 12.0, 12.0, 12.0, 12.0, 12.0, 12.0, 12.0, 12.0, 12.0, 12.0, 12.0, 12.0, 12.0, 12.0, 12.0, 12.0, 12.0, 12.0, 12.0, 12.0, 12.0, 12.0, 12.0, 12.0, 12.0, 12.0, 12.0, 12.0, 12.0, 12.0, 12.0, 12.0, 12.0, 12.0, 12.0, 12.0, 12.0, 12.0, 12.0, 12.0, 12.0, 12.0, 12.0, 12.0, 12.0, 12.0, 12.0, 12.0, 12.0, 12.0, 12.0, 12.0, 12.0, 12.0, 12.0, 12.0, 12.0, 12.0, 12.0, 12.0], "episode_types": ["t", "t", "t", "t", "t", "t", "t", "t", "t", "t", "t", "t", "t", "t", "t", "t", "t", "t", "t", "t", "t", "t", "t", "t", "t", "t", "t", "t", "t", "t", "t", "t", "t", "t", "t", "t", "t", "t", "t", "t", "t", "t", "t", "t", "t", "t", "t", "t", "t", "t", "t", "t", "t", "t", "t", "t", "t", "t", "t", "t", "t", "t", "t", "t", "t", "t", "t", "t", "t", "t", "t", "t", "t", "t", "t", "t", "t", "t", "t", "t", "t", "t", "t", "t", "t", "t", "t", "t", "t", "t", "t", "t", "t", "t", "t", "t", "t", "t", "t", "t"]}